image_name,reconstructed_name,method,width,height,psnr,ssim,ms_ssim,lpips,bpp,original_size,compressed_size,compression_ratio
CLIC2020_0002,CLIC2020_0002_cheng2020_anchor_q1,cheng2020_anchor_q1,1512,2016,27.61188918,0.6067317,0.846874595,0.549286008,0.075186865,9144576,28648,319.2046914
CLIC2020_0003,CLIC2020_0003_cheng2020_anchor_q1,cheng2020_anchor_q1,2016,1512,36.54901225,0.9255395,0.964044571,0.362532735,0.01973629,9144576,7520,1216.034043
CLIC2020_0004,CLIC2020_0004_cheng2020_anchor_q1,cheng2020_anchor_q1,2016,1512,32.48015319,0.80339164,0.898387611,0.468993574,0.03436004,9144576,13092,698.4857929
Kodak24_kodim01,Kodak24_kodim01_cheng2020_anchor_q1,cheng2020_anchor_q1,768,512,25.81094135,0.694773,0.920519054,0.330945402,0.172688802,1179648,8488,138.9783223
Kodak24_kodim02,Kodak24_kodim02_cheng2020_anchor_q1,cheng2020_anchor_q1,768,512,29.8235377,0.7283893,0.891012311,0.391715705,0.054443359,1179648,2676,440.8251121
Kodak24_kodim03,Kodak24_kodim03_cheng2020_anchor_q1,cheng2020_anchor_q1,768,512,31.18932729,0.83471155,0.945392847,0.277816206,0.05086263,1179648,2500,471.8592
Kodak24_kodim04,Kodak24_kodim04_cheng2020_anchor_q1,cheng2020_anchor_q1,512,768,29.59284929,0.7492504,0.907527447,0.384884834,0.069010417,1179648,3392,347.7735849
Kodak24_kodim05,Kodak24_kodim05_cheng2020_anchor_q1,cheng2020_anchor_q1,768,512,23.20345596,0.73039216,0.907630146,0.226382822,0.23828125,1179648,11712,100.7213115
McM_1,McM_1_cheng2020_anchor_q1,cheng2020_anchor_q1,500,500,24.42954258,0.71938425,0.925544441,0.261858791,0.238848,750000,7464,100.4823151
McM_10,McM_10_cheng2020_anchor_q1,cheng2020_anchor_q1,500,500,29.45006148,0.82338375,0.945298851,0.189455345,0.1024,750000,3200,234.375
McM_11,McM_11_cheng2020_anchor_q1,cheng2020_anchor_q1,500,500,29.97048385,0.8060434,0.935202301,0.273675174,0.083072,750000,2596,288.9060092
McM_12,McM_12_cheng2020_anchor_q1,cheng2020_anchor_q1,500,500,30.2863982,0.8718702,0.961373985,0.160985589,0.094976,750000,2968,252.6954178
McM_13,McM_13_cheng2020_anchor_q1,cheng2020_anchor_q1,500,500,33.17441174,0.89173245,0.962899089,0.192334205,0.049792,750000,1556,482.0051414
CLIC2020_0002,CLIC2020_0002_cheng2020_anchor_q2,cheng2020_anchor_q2,1512,2016,29.01737737,0.6949,0.900439203,0.433416903,0.146468464,9144576,55808,163.8577982
CLIC2020_0004,CLIC2020_0004_cheng2020_anchor_q2,cheng2020_anchor_q2,2016,1512,33.82703695,0.8401684,0.928552628,0.409151614,0.053781389,9144576,20492,446.2510248
Kodak24_kodim01,Kodak24_kodim01_cheng2020_anchor_q2,cheng2020_anchor_q2,768,512,27.28360093,0.7726372,0.949243426,0.233544603,0.294352214,1179648,14468,81.53497374
Kodak24_kodim02,Kodak24_kodim02_cheng2020_anchor_q2,cheng2020_anchor_q2,768,512,30.76634692,0.75962335,0.913644731,0.34059462,0.085611979,1179648,4208,280.3346008
Kodak24_kodim03,Kodak24_kodim03_cheng2020_anchor_q2,cheng2020_anchor_q2,768,512,32.60441121,0.8680515,0.960277319,0.218137309,0.082682292,1179648,4064,290.2677165
Kodak24_kodim04,Kodak24_kodim04_cheng2020_anchor_q2,cheng2020_anchor_q2,512,768,30.88130282,0.7915508,0.93319571,0.322195649,0.107584635,1179648,5288,223.0801815
Kodak24_kodim05,Kodak24_kodim05_cheng2020_anchor_q2,cheng2020_anchor_q2,768,512,27.81142132,0.8343938,0.958224177,0.146469921,0.354736328,1179648,17436,67.65588438
McM_1,McM_1_cheng2020_anchor_q2,cheng2020_anchor_q2,500,500,25.36974528,0.76398516,0.9431566,0.207755417,0.350848,750000,10964,68.40569135
McM_10,McM_10_cheng2020_anchor_q2,cheng2020_anchor_q2,500,500,30.72402919,0.8600333,0.961619735,0.150796428,0.144768,750000,4524,165.7824934
McM_11,McM_11_cheng2020_anchor_q2,cheng2020_anchor_q2,500,500,31.34168157,0.840859,0.953048885,0.223703697,0.119168,750000,3724,201.396348
McM_12,McM_12_cheng2020_anchor_q2,cheng2020_anchor_q2,500,500,31.93218469,0.8989803,0.973008513,0.116681211,0.134528,750000,4204,178.4015224
McM_13,McM_13_cheng2020_anchor_q2,cheng2020_anchor_q2,500,500,34.68075345,0.9044383,0.972099185,0.158683181,0.066688,750000,2084,359.8848369
CLIC2020_00002IMG_00002_BURST20170924131512_COVER,CLIC2020_00002IMG_00002_BURST20170924131512_COVER_cheng2020_anchor_q3,cheng2020_anchor_q3,2024,1518,31.39845881,0.8284902,0.949884534,0.30668059,0.233383847,9217296,89632,102.8348804
Kodak24_kodim01,Kodak24_kodim01_cheng2020_anchor_q3,cheng2020_anchor_q3,768,512,28.87671229,0.8386566,0.967712343,0.148972392,0.463541667,1179648,22784,51.7752809
Kodak24_kodim02,Kodak24_kodim02_cheng2020_anchor_q3,cheng2020_anchor_q3,768,512,31.82228162,0.79470557,0.934348345,0.282582134,0.138834635,1179648,6824,172.8675264
Kodak24_kodim03,Kodak24_kodim03_cheng2020_anchor_q3,cheng2020_anchor_q3,768,512,33.99940801,0.894224,0.970396698,0.174521014,0.126220703,1179648,6204,190.1431335
McM_1,McM_1_cheng2020_anchor_q3,cheng2020_anchor_q3,500,500,26.15304367,0.79933125,0.955647349,0.158813179,0.485888,750000,15184,49.39409905
McM_10,McM_10_cheng2020_anchor_q3,cheng2020_anchor_q3,500,500,32.09133624,0.88951635,0.972864568,0.112572625,0.203392,750000,6356,117.9987413
McM_11,McM_11_cheng2020_anchor_q3,cheng2020_anchor_q3,500,500,32.57511262,0.8698141,0.965121031,0.179912582,0.169088,750000,5284,141.9379258
McM_12,McM_12_cheng2020_anchor_q3,cheng2020_anchor_q3,500,500,33.35031547,0.9163158,0.979720592,0.093903676,0.183552,750000,5736,130.7531381
CLIC2020_00002IMG_00002_BURST20170924131512_COVER,CLIC2020_00002IMG_00002_BURST20170924131512_COVER_cheng2020_anchor_q4,cheng2020_anchor_q4,2024,1518,33.19614446,0.8778608,0.967693448,0.226709113,0.355845793,9217296,136664,67.44494527
CLIC2020_0001,CLIC2020_0001_cheng2020_anchor_q4,cheng2020_anchor_q4,2016,1512,44.33215425,0.9834817,0.985916317,0.173055619,0.019242882,9144576,7332,1247.214403
CLIC2020_0003,CLIC2020_0003_cheng2020_anchor_q4,cheng2020_anchor_q4,2016,1512,40.05216725,0.9461069,0.98199743,0.330814421,0.049603175,9144576,18900,483.84
Kodak24_kodim01,Kodak24_kodim01_cheng2020_anchor_q4,cheng2020_anchor_q4,768,512,31.24732332,0.9006143,0.981517255,0.082793526,0.737386068,1179648,36244,32.54740095
Kodak24_kodim02,Kodak24_kodim02_cheng2020_anchor_q4,cheng2020_anchor_q4,768,512,33.40564965,0.8401087,0.954856634,0.213897735,0.232014974,1179648,11404,103.4415994
Kodak24_kodim03,Kodak24_kodim03_cheng2020_anchor_q4,cheng2020_anchor_q4,768,512,35.99719831,0.92206806,0.979027927,0.138547018,0.193277995,1179648,9500,124.1734737
Kodak24_kodim04,Kodak24_kodim04_cheng2020_anchor_q4,cheng2020_anchor_q4,512,768,33.85017654,0.8729634,0.968457937,0.203083068,0.263509115,1179648,12952,91.07844348
Kodak24_kodim05,Kodak24_kodim05_cheng2020_anchor_q4,cheng2020_anchor_q4,768,512,31.84251537,0.9270317,0.984476089,0.051061735,0.714355469,1179648,35112,33.59671907
McM_1,McM_1_cheng2020_anchor_q4,cheng2020_anchor_q4,500,500,28.0901816,0.8545937,0.972216129,0.109016389,0.75456,750000,23580,31.80661578
McM_10,McM_10_cheng2020_anchor_q4,cheng2020_anchor_q4,500,500,33.90139315,0.9177472,0.98183012,0.078101523,0.292736,750000,9148,81.98513336
McM_11,McM_11_cheng2020_anchor_q4,cheng2020_anchor_q4,500,500,34.20026819,0.9023028,0.975984573,0.126583695,0.255104,750000,7972,94.07927747
McM_12,McM_12_cheng2020_anchor_q4,cheng2020_anchor_q4,500,500,35.17438764,0.93125916,0.985036552,0.073971622,0.248832,750000,7776,96.45061728
McM_13,McM_13_cheng2020_anchor_q4,cheng2020_anchor_q4,500,500,37.54743252,0.9226292,0.982776999,0.123377554,0.117888,750000,3684,203.5830619
CLIC2020_0001,CLIC2020_0001_cheng2020_anchor_q5,cheng2020_anchor_q5,2016,1512,45.64610573,0.9852132,0.988703907,0.165317446,0.02776728,9144576,10580,864.3266541
CLIC2020_0003,CLIC2020_0003_cheng2020_anchor_q5,cheng2020_anchor_q5,2016,1512,41.03995596,0.9515752,0.985640645,0.325853944,0.069129504,9144576,26340,347.1744875
Kodak24_kodim01,Kodak24_kodim01_cheng2020_anchor_q5,cheng2020_anchor_q5,768,512,33.33211995,0.93752337,0.988981843,0.04487405,1.047119141,1179648,51468,22.92002798
Kodak24_kodim03,Kodak24_kodim03_cheng2020_anchor_q5,cheng2020_anchor_q5,768,512,37.69251323,0.94124717,0.985381484,0.108005114,0.281656901,1179648,13844,85.2100549
Kodak24_kodim04,Kodak24_kodim04_cheng2020_anchor_q5,cheng2020_anchor_q5,512,768,35.46362836,0.9068245,0.979119778,0.148708701,0.405192057,1179648,19916,59.23117092
Kodak24_kodim05,Kodak24_kodim05_cheng2020_anchor_q5,cheng2020_anchor_q5,768,512,33.79850606,0.95322657,0.990698695,0.026941562,0.971354167,1179648,47744,24.7077748
McM_10,McM_10_cheng2020_anchor_q5,cheng2020_anchor_q5,500,500,35.30727527,0.9356976,0.987100065,0.051782966,0.4128,750000,12900,58.13953488
McM_11,McM_11_cheng2020_anchor_q5,cheng2020_anchor_q5,500,500,35.72354457,0.9241941,0.982932985,0.089665368,0.376192,750000,11756,63.79720994
McM_12,McM_12_cheng2020_anchor_q5,cheng2020_anchor_q5,500,500,36.58592616,0.94041723,0.98813045,0.064113118,0.338048,750000,10564,70.99583491
McM_13,McM_13_cheng2020_anchor_q5,cheng2020_anchor_q5,500,500,38.47292785,0.9272091,0.985272527,0.114357688,0.158464,750000,4952,151.453958
CLIC2020_0001,CLIC2020_0001_cheng2020_anchor_q6,cheng2020_anchor_q6,2016,1512,46.77098348,0.9871359,0.991325736,0.158291996,0.042747963,9144576,16288,561.4302554
Kodak24_kodim01,Kodak24_kodim01_cheng2020_anchor_q6,cheng2020_anchor_q6,768,512,35.1185073,0.9580891,0.993158996,0.025641011,1.371582031,1179648,67416,17.49804201
Kodak24_kodim02,Kodak24_kodim02_cheng2020_anchor_q6,cheng2020_anchor_q6,768,512,36.63091769,0.9146616,0.980177343,0.092010126,0.582275391,1179648,28620,41.21761006
Kodak24_kodim03,Kodak24_kodim03_cheng2020_anchor_q6,cheng2020_anchor_q6,768,512,39.23689318,0.9555068,0.989865005,0.084556878,0.396647135,1179648,19496,60.50718096
Kodak24_kodim04,Kodak24_kodim04_cheng2020_anchor_q6,cheng2020_anchor_q6,512,768,37.05265552,0.9319213,0.986124635,0.106888108,0.594726563,1179648,29232,40.3546798
Kodak24_kodim05,Kodak24_kodim05_cheng2020_anchor_q6,cheng2020_anchor_q6,768,512,35.58314936,0.9688358,0.994243503,0.015119771,1.270507813,1179648,62448,18.89008455
McM_10,McM_10_cheng2020_anchor_q6,cheng2020_anchor_q6,500,500,36.63525167,0.94882256,0.990668774,0.034458987,0.576256,750000,18008,41.64815637
McM_11,McM_11_cheng2020_anchor_q6,cheng2020_anchor_q6,500,500,37.03370634,0.93955165,0.987649441,0.061950326,0.533888,750000,16684,44.95324862
McM_12,McM_12_cheng2020_anchor_q6,cheng2020_anchor_q6,500,500,37.60493361,0.94599026,0.990002811,0.057587314,0.44672,750000,13960,53.72492837
McM_13,McM_13_cheng2020_anchor_q6,cheng2020_anchor_q6,500,500,39.29336322,0.9308114,0.986816823,0.109933995,0.209664,750000,6552,114.4688645
